{"_via_settings":{"ui":{"annotation_editor_height":25,"annotation_editor_fontsize":0.9,"leftsidebar_width":18,"image_grid":{"img_height":80,"rshape_fill":"none","rshape_fill_opacity":0.3,"rshape_stroke":"yellow","rshape_stroke_width":2,"show_region_shape":true,"show_image_policy":"all"},"image":{"region_label":"region_id","region_label_font":"10px Sans"}},"core":{"buffer_size":18,"filepath":{},"default_filepath":""},"project":{"name":"Image Annotation(3-Wheelers)"}},"_via_img_metadata":{"26.jpg43893":{"filename":"26.jpg","size":43893,"regions":[{"shape_attributes":{"name":"rect","x":159,"y":38,"width":278,"height":457},"region_attributes":{"Auto":"AUTO"}},{"shape_attributes":{"name":"rect","x":289,"y":245,"width":67,"height":35},"region_attributes":{"Auto":"DL1RP5311"}}],"file_attributes":{}},"25.jpg39719":{"filename":"25.jpg","size":39719,"regions":[{"shape_attributes":{"name":"rect","x":78,"y":5,"width":439,"height":443},"region_attributes":{"Auto":"AUTO"}},{"shape_attributes":{"name":"rect","x":416,"y":367,"width":66,"height":53},"region_attributes":{"Auto":"KA05B481"}}],"file_attributes":{}},"24.jpg30813":{"filename":"24.jpg","size":30813,"regions":[{"shape_attributes":{"name":"rect","x":75,"y":4,"width":282,"height":345},"region_attributes":{"Auto":"AUTO"}},{"shape_attributes":{"name":"rect","x":133,"y":254,"width":135,"height":36},"region_attributes":{"Auto":"MH12FC2279"}}],"file_attributes":{}},"23.jpg120501":{"filename":"23.jpg","size":120501,"regions":[{"shape_attributes":{"name":"rect","x":15,"y":5,"width":664,"height":692},"region_attributes":{"Auto":"AUTO"}},{"shape_attributes":{"name":"rect","x":102,"y":309,"width":108,"height":75},"region_attributes":{"Auto":"TN07BW5257"}}],"file_attributes":{}},"22.jpg109099":{"filename":"22.jpg","size":109099,"regions":[{"shape_attributes":{"name":"rect","x":151,"y":5,"width":661,"height":710},"region_attributes":{"Auto":"AUTO"}},{"shape_attributes":{"name":"rect","x":320,"y":403,"width":138,"height":86},"region_attributes":{"Auto":"TN07AH5492"}}],"file_attributes":{}},"21.jpg77839":{"filename":"21.jpg","size":77839,"regions":[{"shape_attributes":{"name":"rect","x":180,"y":4,"width":449,"height":421},"region_attributes":{"Auto":"AUTO"}},{"shape_attributes":{"name":"rect","x":417,"y":282,"width":101,"height":72},"region_attributes":{"Auto":"KL01AE5084"}}],"file_attributes":{}},"20.jpg193989":{"filename":"20.jpg","size":193989,"regions":[{"shape_attributes":{"name":"rect","x":152,"y":335,"width":540,"height":873},"region_attributes":{"Auto":"AUTO"}},{"shape_attributes":{"name":"rect","x":469,"y":694,"width":106,"height":101},"region_attributes":{"Auto":"GA02T2460"}}],"file_attributes":{}},"19.jpg120136":{"filename":"19.jpg","size":120136,"regions":[{"shape_attributes":{"name":"rect","x":6,"y":146,"width":604,"height":708},"region_attributes":{"Auto":"AUTO"}},{"shape_attributes":{"name":"rect","x":300,"y":396,"width":201,"height":70},"region_attributes":{"Auto":"MH02VA4129"}}],"file_attributes":{}},"18.jpg54006":{"filename":"18.jpg","size":54006,"regions":[{"shape_attributes":{"name":"rect","x":79,"y":184,"width":349,"height":458},"region_attributes":{"Auto":"AUTO"}},{"shape_attributes":{"name":"rect","x":366,"y":422,"width":60,"height":58},"region_attributes":{"Auto":"KA05B3883"}}],"file_attributes":{}},"17.jpg51328":{"filename":"17.jpg","size":51328,"regions":[{"shape_attributes":{"name":"rect","x":17,"y":82,"width":519,"height":615},"region_attributes":{"Auto":"AUTO"}},{"shape_attributes":{"name":"rect","x":132,"y":365,"width":83,"height":70},"region_attributes":{"Auto":"KA03AA5246"}}],"file_attributes":{}},"16.jpg58258":{"filename":"16.jpg","size":58258,"regions":[{"shape_attributes":{"name":"rect","x":19,"y":19,"width":500,"height":743},"region_attributes":{"Auto":"AUTO"}},{"shape_attributes":{"name":"rect","x":287,"y":358,"width":96,"height":59},"region_attributes":{"Auto":"KA02AE5282"}}],"file_attributes":{}},"15.jpg28154":{"filename":"15.jpg","size":28154,"regions":[{"shape_attributes":{"name":"rect","x":59,"y":5,"width":243,"height":220},"region_attributes":{"Auto":"AUTO"}},{"shape_attributes":{"name":"rect","x":84,"y":87,"width":26,"height":22},"region_attributes":{"Auto":"TN02D2570"}}],"file_attributes":{}},"13.jpg124800":{"filename":"13.jpg","size":124800,"regions":[{"shape_attributes":{"name":"rect","x":16,"y":135,"width":340,"height":350},"region_attributes":{"Auto":"AUTO"}},{"shape_attributes":{"name":"rect","x":182,"y":369,"width":39,"height":32},"region_attributes":{"Auto":"KA03A1412"}}],"file_attributes":{}},"12.jpg152126":{"filename":"12.jpg","size":152126,"regions":[{"shape_attributes":{"name":"rect","x":160,"y":105,"width":850,"height":844},"region_attributes":{"Auto":"AUTO"}},{"shape_attributes":{"name":"rect","x":590,"y":740,"width":114,"height":76},"region_attributes":{"Auto":"KA01AG3796"}}],"file_attributes":{}},"11.jpg62424":{"filename":"11.jpg","size":62424,"regions":[{"shape_attributes":{"name":"rect","x":52,"y":16,"width":342,"height":328},"region_attributes":{"Auto":"AUTO"}},{"shape_attributes":{"name":"rect","x":245,"y":296,"width":58,"height":31},"region_attributes":{"Auto":"KA03AC0273"}}],"file_attributes":{}},"10.jpg57210":{"filename":"10.jpg","size":57210,"regions":[{"shape_attributes":{"name":"rect","x":195,"y":6,"width":282,"height":396},"region_attributes":{"Auto":"AUTO"}},{"shape_attributes":{"name":"rect","x":344,"y":265,"width":87,"height":77},"region_attributes":{"Auto":"KA02B1837"}}],"file_attributes":{}},"9.jpg53791":{"filename":"9.jpg","size":53791,"regions":[{"shape_attributes":{"name":"rect","x":38,"y":6,"width":408,"height":438},"region_attributes":{"Auto":"AUTO"}},{"shape_attributes":{"name":"rect","x":234,"y":283,"width":58,"height":50},"region_attributes":{"Auto":"KA05A6763"}}],"file_attributes":{}},"8.jpg43421":{"filename":"8.jpg","size":43421,"regions":[{"shape_attributes":{"name":"rect","x":180,"y":65,"width":213,"height":212},"region_attributes":{"Auto":"AUTO"}},{"shape_attributes":{"name":"rect","x":273,"y":198,"width":30,"height":22},"region_attributes":{"Auto":"KA056155"}}],"file_attributes":{}},"7.jpg54140":{"filename":"7.jpg","size":54140,"regions":[{"shape_attributes":{"name":"rect","x":4,"y":14,"width":366,"height":347},"region_attributes":{"Auto":"AUTO"}},{"shape_attributes":{"name":"rect","x":321,"y":211,"width":31,"height":32},"region_attributes":{"Auto":"KA028841"}}],"file_attributes":{}},"6.jpg43331":{"filename":"6.jpg","size":43331,"regions":[{"shape_attributes":{"name":"rect","x":0,"y":45,"width":283,"height":383},"region_attributes":{"Auto":"AUTO"}},{"shape_attributes":{"name":"rect","x":203,"y":289,"width":53,"height":42},"region_attributes":{"Auto":"KA51278"}}],"file_attributes":{}},"5.jpg49792":{"filename":"5.jpg","size":49792,"regions":[{"shape_attributes":{"name":"rect","x":16,"y":19,"width":333,"height":345},"region_attributes":{"Auto":"AUTO"}},{"shape_attributes":{"name":"rect","x":145,"y":241,"width":41,"height":43},"region_attributes":{"Auto":"KA04A7891"}}],"file_attributes":{}},"4.jpg63377":{"filename":"4.jpg","size":63377,"regions":[{"shape_attributes":{"name":"rect","x":6,"y":13,"width":446,"height":429},"region_attributes":{"Auto":"AUTO"}},{"shape_attributes":{"name":"rect","x":385,"y":267,"width":37,"height":38},"region_attributes":{"Auto":"KA028888"}}],"file_attributes":{}},"3.jpg98062":{"filename":"3.jpg","size":98062,"regions":[{"shape_attributes":{"name":"rect","x":94,"y":21,"width":481,"height":397},"region_attributes":{"Auto":"AUTO"}},{"shape_attributes":{"name":"rect","x":220,"y":267,"width":44,"height":44},"region_attributes":{"Auto":"KA03A5203"}}],"file_attributes":{}},"2.jpg152847":{"filename":"2.jpg","size":152847,"regions":[{"shape_attributes":{"name":"rect","x":314,"y":71,"width":761,"height":877},"region_attributes":{"Auto":"AUTO"}},{"shape_attributes":{"name":"rect","x":730,"y":744,"width":133,"height":73},"region_attributes":{"Auto":"KA03D3776"}}],"file_attributes":{}},"1.jpg42391":{"filename":"1.jpg","size":42391,"regions":[{"shape_attributes":{"name":"rect","x":100,"y":14,"width":330,"height":403},"region_attributes":{"Auto":"AUTO"}},{"shape_attributes":{"name":"rect","x":344,"y":203,"width":47,"height":40},"region_attributes":{"Auto":"KA05A6049"}}],"file_attributes":{}}},"_via_attributes":{"region":{"Auto":{"type":"text","description":"","default_value":""}},"file":{}}}